﻿"﻿文件夹",文件名,控件名,控件文本,Key,控件路径,md5,文件路径,无效,无引用
friend,FriendListViewCell.csd,_powerNum,4755万,,/_resourceNode/_powerNum,3cebd5bf4612cc7319223e3c45a362b4,friend/FriendListViewCell.csd,1,
friend,FriendEnemyListViewCell.csd,_powerNum,4755万,,/_resourceNode/_powerNum,70aa73ec7400945b5b1cfc28e89efe60,friend/FriendEnemyListViewCell.csd,1,
vip,PopupVipGiftPkg.csd,Text_1,适度游戏，理性消费,,/Text_1,529f9ca6a822bdb77778727c9c0bb426,vip/PopupVipGiftPkg.csd,,
vip,VipPrivilegeCell.csd,_textTitle,"【体力丹】 ",,/_resourceNode/_textTitle,2f29b76b44e5137045cdbc731dc685d9,vip/VipPrivilegeCell.csd,1,
vip,PopupVip.csd,Text_next_gold_value_1,再充值,,/Panel_1/NodeInfo/Node_level_not_full/Text_next_gold_value_1,3f9016c5b2e0fbb95baf6ee1e93ad27e,vip/PopupVip.csd,1,
vip,PopupVip.csd,Text_next_gold_value_3,元宝即可升为,,/Panel_1/NodeInfo/Node_level_not_full/Text_next_gold_value_3,3f9016c5b2e0fbb95baf6ee1e93ad27e,vip/PopupVip.csd,1,
vip,VipGiftPkgNode.csd,GiftPkgName,贵族七礼包,,/GiftPkgName,269074ac0ca735f865b4eb5e9f956486,vip/VipGiftPkgNode.csd,1,
tutorial,TutorialTipContentNode.csd,Text_words,"哈哈哈哈哈哈哈,哈哈哈哈哈哈哈
",,/Node_root_left/Text_words,9debe5a7a03380d6ff653b852b464cec,tutorial/TutorialTipContentNode.csd,1,
tutorial,TutorialTipContentNode.csd,Text_words,"哈哈哈哈哈哈哈,哈哈哈哈哈哈哈
",,/Node_root_fight/Text_words,9debe5a7a03380d6ff653b852b464cec,tutorial/TutorialTipContentNode.csd,1,
achievement,DailyActivityHintCell.csd,_openTime1,12:00开启asdasdfsdfs,,/_resourceNode/Node_7/_openTime1,30045439c29f6bc67ac8d7d462341d00,achievement/DailyActivityHintCell.csd,1,
achievement,DailyActivityHintCell.csd,_title,先秦皇陵,,/_resourceNode/Node_7/_title,30045439c29f6bc67ac8d7d462341d00,achievement/DailyActivityHintCell.csd,1,
playerDetail,PopupPlayerHonorTitleCell.csd,_titleDesc,"敌方武将                      


",,/_resourceNode/_titleDesc,0cd5ac93a96b14af3f2d964d574ef3eb,playerDetail/PopupPlayerHonorTitleCell.csd,1,
playerDetail,PopUpPlayerFrame.csd,_titleName,标 题,,/Panel_root/ImageBg/_titleName,73c9ef9cbcf0ff5609af8a581c9fab8a,playerDetail/PopUpPlayerFrame.csd,1,
cakeActivity,CakeRankNode.csd,TextGuildEmpty,暂无排名,,/NodeGuild/TextGuildEmpty,e8d5e1ca59e7e32a2d988c8a1538da1d,cakeActivity/CakeRankNode.csd,,
cakeActivity,CakeRankNode.csd,Text_21,军团排名,,/NodeGuild/ImageBgGuild/Text_21,e8d5e1ca59e7e32a2d988c8a1538da1d,cakeActivity/CakeRankNode.csd,,
cakeActivity,CakeRankNode.csd,Text_21_0,蛋糕等级,,/NodeGuild/ImageBgGuild/Text_21_0,e8d5e1ca59e7e32a2d988c8a1538da1d,cakeActivity/CakeRankNode.csd,,
cakeActivity,CakeRankNode.csd,TextPlayerEmpty,暂无排名,,/NodePlayer/TextPlayerEmpty,e8d5e1ca59e7e32a2d988c8a1538da1d,cakeActivity/CakeRankNode.csd,,
cakeActivity,CakeRankNode.csd,Text_21_1,我的排名,,/NodePlayer/ImageBgPlayer/Text_21_1,e8d5e1ca59e7e32a2d988c8a1538da1d,cakeActivity/CakeRankNode.csd,,
cakeActivity,CakeRankNode.csd,Text_21_0_0,累计功绩,,/NodePlayer/ImageBgPlayer/Text_21_0_0,e8d5e1ca59e7e32a2d988c8a1538da1d,cakeActivity/CakeRankNode.csd,,
cakeActivity,PopupCakeGet.csd,_textCountDownTitle,活动倒计时,editor.customactivity.5,/Image_39/Image_47/_textCountDownTitle,024a9e2bdee057d19da19770b30c9181,cakeActivity/PopupCakeGet.csd,1,
cakeActivity,PopupCakeGet.csd,Text_148_0,活动任务每日0点重置,,/Image_40/_imageTip/Text_148_0,024a9e2bdee057d19da19770b30c9181,cakeActivity/PopupCakeGet.csd,,
cakeActivity,PopupCakeAwardPreview.csd,Text_115_0,蛋糕等级：,,/Panel_center/Image_bk/Text_115_0,7c4436f3f50742068a0ec62fc0a9aa95,cakeActivity/PopupCakeAwardPreview.csd,,3
cakeActivity,CakeActivityView.csd,_textCakeName,无双军团的蛋糕,,/_panelDesign/Mid_Node/Image_123/_textCakeName,995801d1485e6f5c025e469c919c8f86,cakeActivity/CakeActivityView.csd,1,
cakeActivity,CakeActivityView.csd,_textCakeLevel,10级,,/_panelDesign/Mid_Node/Image_281/_textCakeLevel,995801d1485e6f5c025e469c919c8f86,cakeActivity/CakeActivityView.csd,1,
singleRace,SingleRaceGuessPlayerCell.csd,_textButton,支 持,editor.singleRace.7,/_resourceNode/_buttonVote/_textButton,005b42068dcfcb2f6b38c0c560a3fba4,singleRace/SingleRaceGuessPlayerCell.csd,1,
singleRace,SingleRaceGuessServerCell.csd,_textName1,两杆大烟枪,,/_resourceNode/_node1/_textName1,6c1a31cc0bf26a4f28112819c5c95818,singleRace/SingleRaceGuessServerCell.csd,1,
singleRace,SingleRaceGuessServerCell.csd,_textPlayerPower1,55835万,,/_resourceNode/_node1/_textPlayerPower1,6c1a31cc0bf26a4f28112819c5c95818,singleRace/SingleRaceGuessServerCell.csd,1,
singleRace,SingleRaceGuessServerCell.csd,_textName2,两杆大烟枪,,/_resourceNode/_node2/_textName2,6c1a31cc0bf26a4f28112819c5c95818,singleRace/SingleRaceGuessServerCell.csd,1,
singleRace,SingleRaceGuessServerCell.csd,_textButton,支 持,editor.singleRace.7,/_resourceNode/_buttonVote/_textButton,6c1a31cc0bf26a4f28112819c5c95818,singleRace/SingleRaceGuessServerCell.csd,1,
singleRace,PopupSingleRaceGuess.csd,Text_5,踩一脚人数,,/PanelBG/_popBG/_imageBar3/Text_5,a032e365027832d791b2b873206ede86,singleRace/PopupSingleRaceGuess.csd,,
singleRace,SingleRaceGuessTabNode.csd,TextTip,谁是本届冠军,,/TextTip,bff998f3924cd5aa0c4a488890f6b26a,singleRace/SingleRaceGuessTabNode.csd,1,
chat,ChatVoiceView.csd,_textHint,"手指滑开
取消发送",,/_imageRoot/_textHint,62a6c9a4c59f6eff7a7e6dd2a0b03dcb,chat/ChatVoiceView.csd,,
chat,ChatVoiceView.csd,_textHint2,"松开手指
取消发送",,/_imageRoot/_textHint2,62a6c9a4c59f6eff7a7e6dd2a0b03dcb,chat/ChatVoiceView.csd,,
chat,ChatMainView.csd,Text_desc,综合,,/_panelTouch/_panelRoot/_nodeTab/Panel_tab/Text_desc,092b33a36b083feee96bf9510485e7e5,chat/ChatMainView.csd,1,
chat,ChatMainView.csd,textLabel,点击输入内容,editor.chat.16,/_panelTouch/_panelRoot/_nodeSendMsg/_nodeBottom/ImageInputBg/textLabel,092b33a36b083feee96bf9510485e7e5,chat/ChatMainView.csd,,
chat,ChatPrivateChatView.csd,Text,返回列表,,/_imageTopBarShade/_nodeReturn/Text,5b8de8bcde1ecd3929a1cabd9321e508,chat/ChatPrivateChatView.csd,,
worldBoss,WorldBossRankNode.csd,Text_total_point,军团积分,,/Panel_bk/_panelBase/Image_guild_rank_bg/Text_total_point,57362c904c570c9e203e68fa90f2817b,worldBoss/WorldBossRankNode.csd,,
worldBoss,WorldBossRankNode.csd,Text_total_point_0,个人积分,,/Panel_bk/_panelBase/Image_personal_rank_bg/Text_total_point_0,57362c904c570c9e203e68fa90f2817b,worldBoss/WorldBossRankNode.csd,,
worldBoss,PopupWorldBossRobCell.csd,_textCondition,"积分： ",editor.worldBoss.4,/_resourceNode/_textCondition,136b2c3e16e7ffb5ed8e43c905ec2630,worldBoss/PopupWorldBossRobCell.csd,,
instrument,InstrumentDetailYokeNode.csd,_textDes,"名称 ",,/_panelBg/_textDes,c9566e58c7d9268364c53ceb1913eee4,instrument/InstrumentDetailYokeNode.csd,1,
tower,TowerView.csd,_textRecoverTitle,（回复时间：         ),,/_panelDesign/Node_LeftTop/_imageInfoBG/_textRecoverTitle,949706466f367c08e1efe775ac6b480b,tower/TowerView.csd,,
activityguildsprint,ActivityGuildSprintView.csd,_textTimeTitle,活动倒计时:,,/ResourceNode/_countDownNode/_textTimeTitle,ae16200b970c0ae078d1fec0d517912a,activityguildsprint/ActivityGuildSprintView.csd,1,
homeland,PopupHomelandMainUp.csd,Text_11_4_0,下一级,,/Panel_root/_nodeMainTree/Node_attr_desc1/Text_11_4_0,e71c6ccb4402d57610b5ca506734428a,homeland/PopupHomelandMainUp.csd,,
homeland,PopupHomelandMainUp.csd,Text_11_4_0,下一级加成,editor.homeland.13,/Panel_root/_nodeMax/_nodeMaxAttr/Text_11_4_0,e71c6ccb4402d57610b5ca506734428a,homeland/PopupHomelandMainUp.csd,,
gachaDrawGoldHero,GachaDrawHeroView.csd,Text_18,拥有,,/_panelDesign/Text_18,d4cb8acbb1e212aeb04db915e4da076b,gachaDrawGoldHero/GachaDrawHeroView.csd,,
monthlycard,MonthlyCardItemCell.csd,Text_Des,7天可获得,,/Image_bg/Text_Des,0b9e2b224a5a05ec6fbf699eaa893361,activity/monthlycard/MonthlyCardItemCell.csd,1,
dinner,DinnerView.csd,_textCDTitle,到下次宴会时间：,,/Panel_left_bg/_textCDTitle,b76e257d7d15be362db6770b643303b8,activity/dinner/DinnerView.csd,1,
resourceBack,ResourceBackCell.csd,_title1,宴会,,/_resourceNode/_item1/_title1,9eeadf9ff49c3a039753690b1edda7a3,activity/resourceBack/ResourceBackCell.csd,1,
resourceBack,ResourceBackCell.csd,_title2,宴会,,/_resourceNode/_item2/_title2,9eeadf9ff49c3a039753690b1edda7a3,activity/resourceBack/ResourceBackCell.csd,1,
openserverfund,OpenServerFundItemCell.csd,_textItemName,500元宝,,/_resourceNode/_textItemName,5111eeeb62d988344cdbf16849327597,activity/openserverfund/OpenServerFundItemCell.csd,1,
mail,PopupMailReward.csd,_emptyTips,没有邮件啦~~,,/Panel_root/Image_detail/_emptyIcon/_emptyTips,2d38fcab3c108c15ce63d913e8fbf90f,mail/PopupMailReward.csd,1,
exploreMap,EventRebelBossNode.csd,_talkString," 董卓挟持",,/_resourceNode/Talk/_talkString,be856de6c7c192df92628cc3bb789de1,exploreMap/EventRebelBossNode.csd,1,
exploreMap,EventRebelBossNode.csd,TextDrop,掉落预览：,,/_resourceNode/Reward/TextDrop,be856de6c7c192df92628cc3bb789de1,exploreMap/EventRebelBossNode.csd,,
exploreMap,EventAnswerNode.csd,Des,正确获得,,/_resourceNode/RightNode/Des,1c5cbb926a1392948dce256d3b39c791,exploreMap/EventAnswerNode.csd,,
exploreMap,EventAnswerNode.csd,Des,错误获得,,/_resourceNode/WrongNode/Des,1c5cbb926a1392948dce256d3b39c791,exploreMap/EventAnswerNode.csd,,
exploreMap,EventAnswerNode.csd,_talkQuestion," 董卓挟持",,/_resourceNode/Talk/_talkQuestion,1c5cbb926a1392948dce256d3b39c791,exploreMap/EventAnswerNode.csd,1,
exploreMap,EventRebelNode.csd,_textRebelContent,"    董卓挟持汉献帝刘协迁都长安，并驱使洛阳数百万百姓一同西迁！
    行前，西凉军大肆烧掠，洛阳周围二百余里之内金成瓦砾！",,/_resourceNode/_rebelBG/_textRebelContent,c0f5bcf784c1dcbc596d90d7712bdde9,exploreMap/EventRebelNode.csd,1,
exploreMap,EventRebelNode.csd,TextDrop,掉落预览：,,/_resourceNode/Reward/TextDrop,c0f5bcf784c1dcbc596d90d7712bdde9,exploreMap/EventRebelNode.csd,,
guildDungeon,GuildDungeonRankLayer.csd,Text_6,排名,editor.arena.4,/_panelDesign/_node_LeftTop/Image_1/Text_6,37e4f792f99861ed94a23cc8b83f9664,guildDungeon/GuildDungeonRankLayer.csd,,
guildDungeon,GuildDungeonRankLayer.csd,Text_6_0,军团名称,editor.guild.44,/_panelDesign/_node_LeftTop/Image_1/Text_6_0,37e4f792f99861ed94a23cc8b83f9664,guildDungeon/GuildDungeonRankLayer.csd,,
guildDungeon,GuildDungeonRankLayer.csd,Text_6_1,出手,,/_panelDesign/_node_LeftTop/Image_1/Text_6_1,37e4f792f99861ed94a23cc8b83f9664,guildDungeon/GuildDungeonRankLayer.csd,,
guildDungeon,GuildDungeonRankLayer.csd,Text_6_2,积分,editor.guildAnswer.9,/_panelDesign/_node_LeftTop/Image_1/Text_6_2,37e4f792f99861ed94a23cc8b83f9664,guildDungeon/GuildDungeonRankLayer.csd,,
groups,GroupsFixViewCell.csd,LeaderName,"队长:  ",editor.groups.11,/_resourceNode/LeaderName,8b45cfa52cb328322bc42f654f67962e,groups/GroupsFixViewCell.csd,,
groups,GroupsFixViewCell.csd,LevelLimit,"限制: ",editor.groups.12,/_resourceNode/LevelLimit,8b45cfa52cb328322bc42f654f67962e,groups/GroupsFixViewCell.csd,,
groups,GroupsInfoNode.csd,_textAwardTips,全队来自同一军团，奖励掉率+20%,,/_panel/Image_5/_textAwardTips,1102ff7a1ed569b023501eb639d738e6,groups/GroupsInfoNode.csd,1,
countryboss,CountryBossInterceptCell.csd,_textCondition,"战力： ",editor.countryboss.1,/_resourceNode/_textCondition,a6cf5c1a7c7116d12f5fb573395c2e5a,countryboss/CountryBossInterceptCell.csd,,
countryboss,RankNode.csd,Text_1,名次,editor.guildAnswer.7,/node_LeftTop/Text_1,5be722c29348135b0069edde0eb0be10,countryboss/RankNode.csd,,
countryboss,RankNode.csd,Text_2,军团名称,editor.guild.44,/node_LeftTop/Text_2,5be722c29348135b0069edde0eb0be10,countryboss/RankNode.csd,,
countryboss,RankNode.csd,Text_3,伤害,,/node_LeftTop/Text_3,5be722c29348135b0069edde0eb0be10,countryboss/RankNode.csd,,
countryboss,CountryBossMeetingCell.csd,_voteNum,17票,,/_resourceNode/_canVote/_voteNum,f16cd0b6266ba460404bfe56912a520c,countryboss/CountryBossMeetingCell.csd,1,
teamSuggest,TeamSuggestPageViewItem.csd,_heroName4,陆逊,,/_resourceNode/node4/_heroName4,7ebfb5155ea71fbd1d8a33260f4d0406,teamSuggest/TeamSuggestPageViewItem.csd,1,
teamSuggest,TeamSuggestPageViewItem.csd,_heroName5,陆逊,,/_resourceNode/node5/_heroName5,7ebfb5155ea71fbd1d8a33260f4d0406,teamSuggest/TeamSuggestPageViewItem.csd,1,
teamSuggest,TeamSuggestPageViewItem.csd,_heroName6,陆逊,,/_resourceNode/node6/_heroName6,7ebfb5155ea71fbd1d8a33260f4d0406,teamSuggest/TeamSuggestPageViewItem.csd,1,
teamSuggest,TeamSuggestPageViewItem.csd,_heroName1,陆逊,,/_resourceNode/node1/_heroName1,7ebfb5155ea71fbd1d8a33260f4d0406,teamSuggest/TeamSuggestPageViewItem.csd,1,
teamSuggest,TeamSuggestPageViewItem.csd,_heroName2,陆逊,,/_resourceNode/node2/_heroName2,7ebfb5155ea71fbd1d8a33260f4d0406,teamSuggest/TeamSuggestPageViewItem.csd,1,
teamSuggest,TeamSuggestPageViewItem.csd,_heroName3,陆逊,,/_resourceNode/node3/_heroName3,7ebfb5155ea71fbd1d8a33260f4d0406,teamSuggest/TeamSuggestPageViewItem.csd,1,
teamSuggest,TeamSuggestView.csd,_title2,灼烧队,,/Node/Node_Mid/Image_bg_all/_title2,feb7e0d4d0b338334c5c29b37f117bc9,teamSuggest/TeamSuggestView.csd,1,
handbook,HandBookViewCell.csd,_textItemType,橙色锦,,/_nodePos/_topImage/_textItemType,226ba9ea6918c2f54b4929a791db5a77,handbook/HandBookViewCell.csd,1,
siege,PopupSiegeRankCell.csd,_textHurt,累计伤害,editor.siege.12,/_panelBase/_textHurt,81506e43ffb4028247efc68b49435884,siege/PopupSiegeRankCell.csd,1,
siege,PopupHurtRewardCell.csd,TextHurt,累计伤害达到        可领取,,/_nodeBG/TextHurt,af123af597a40164d4078e1f411b0485,siege/PopupHurtRewardCell.csd,,
siege,PopupHurtRewardCell.csd,_textHurtNum,500000万,,/_nodeBG/_textHurtNum,af123af597a40164d4078e1f411b0485,siege/PopupHurtRewardCell.csd,1,
common,PopupHelpInfo.csd,_title,玩法说明,,/_resourceNode/_title,41670a38873b22d4fc7366bc93d2a6f6,common/PopupHelpInfo.csd,1,
common,CommonFullScreen.csd,TextTitle,道具,,/PanelBg/TextTitle,d143400bcd763c608ed9cfa6c21dc7ca,common/CommonFullScreen.csd,1,
common,CommonFullScreen.csd,TextPrefix,数量：,editor.handbook.1,/PanelBg/TextPrefix,d143400bcd763c608ed9cfa6c21dc7ca,common/CommonFullScreen.csd,,
common,CommonDetailTitle.csd,TextTitle,名称,editor.friend.4,/TextTitle,98cdd8c79640e4c6465b40c1a655670c,common/CommonDetailTitle.csd,1,
common,CommonButtonLevel5Normal.csd,Text,一级,,/Text,9066528aae57428621a0519d61a20259,common/CommonButtonLevel5Normal.csd,1,
common,CommonRewardLogItem.csd,Text_106,沪上外滩周杰伦,,/Text_106,784a06c4fd0c46dae731cdba6c723cec,common/CommonRewardLogItem.csd,1,
common,CommonTalkNodeFamous.csd,Text_talk,"哪里走走走
哪里走走走",,/Image_talk_bg/Text_talk,82f7b92f60432384616df0125fa6e393,common/CommonTalkNodeFamous.csd,1,
common,PopupMovieText.csd,Text_movie,"东汉末年，时值乱世，

黄巾军四处作乱，朝廷张榜募兵，

更有神秘的名将令引起各方豪杰争夺。

榜文到涿县，引出一群英雄好汉的故事来…
",,/_panelRoot/_nodeLoginEnd/Text_movie,b9743db9b2e99f5d71c2ecad66be47ee,common/PopupMovieText.csd,1,
common,PopupSkillDetailCell.csd,_textDesc,"哎哎哎 哎哎哎 哎哎哎 哎哎哎 哎哎哎 哎哎哎 哎哎哎 哎哎哎 哎哎哎 哎哎哎 ",,/_resourceNode/_textDesc,2faa649ef99c214c6c84d1d1004a870f,common/PopupSkillDetailCell.csd,1,
common,CommonTreasureProperty.csd,Name2,界·孙子兵法,,/Name2,5237acb77c20eac247b47a0f8b131478,common/CommonTreasureProperty.csd,1,
common,CommonHorseName.csd,TextName,名字名字+7名字,,/TextName,010d67e1d32e8f29b4469dd8844f6d78,common/CommonHorseName.csd,1,
common,CommonTabGroupHorizon4.csd,Text_desc,页签,,/Panel_tab/Text_desc,31c95be33dad548e250d878e5577cf65,common/CommonTabGroupHorizon4.csd,1,
common,CommonTabGroupHorizonClassify4.csd,Text_desc,欢乐抽奖积分奖励,,/Panel_tab/Text_desc,f40434f8e1e8486fe23a82e13cd73d86,common/CommonTabGroupHorizonClassify4.csd,1,
common,CommonFullScreenTitleNoBg.csd,TextTitle,道  具,,/TextTitle,464495686b8e2bb534652de881f9a61c,common/CommonFullScreenTitleNoBg.csd,1,
common,CommonDetailNewTitleWithBg.csd,TextTitle,名    称,,/TextTitle,dbab9fc55e8fdf3497ee853926b78fe7,common/CommonDetailNewTitleWithBg.csd,1,
common,CommonGoldenHeroName.csd,Text_1,水镜,,/Text_1,06e961155212fab03ca88fc3f5189693,common/CommonGoldenHeroName.csd,1,
common,CommonTreasureName.csd,TextName,界·孙子兵法,,/TextName,8e3bf0fa68d605ab6681e949ca7d036c,common/CommonTreasureName.csd,1,
common,CommonGuildFlag.csd,TextGuildName,无敌,,/ImageFlag/TextGuildName,cd9ad90a93e9eb60059a10c81046d4ed,common/CommonGuildFlag.csd,1,
common,CommonPlayerName.csd,TextPlayerName,玩家名称七个字,,/TextPlayerName,aa8cbc1bc3d93953f0f5e1b8aa2705c9,common/CommonPlayerName.csd,1,
common,PopupFrameItemInfo.csd,_itemDesc,精炼20级武将描述最多支持三行道具描述最多支持三行道具描,,/_commonNodeBk/Panel_1/_itemDesc,41265ba510518c8734af2a96535041d4,common/PopupFrameItemInfo.csd,1,
common,PopupFrameItemInfo.csd,_itemName,武器精炼石二段,,/_commonNodeBk/Panel_1/_itemName,41265ba510518c8734af2a96535041d4,common/PopupFrameItemInfo.csd,1,
common,CommonButtonLevel5Highlight.csd,Text,一级,,/Text,02e4e7f9850868927528a30a83b823e8,common/CommonButtonLevel5Highlight.csd,1,
common,CommonTabGroupVertical2.csd,Text_desc,一级页签,,/Panel_tab/Text_desc,b735c813e201afce42f3143d87012672,common/CommonTabGroupVertical2.csd,1,
common,CommonInstrumentProperty.csd,Name2,名字+7,,/Name2,8a9eb3008b90b90d1f8593822f6307cc,common/CommonInstrumentProperty.csd,1,
seasonSport,SeasonSportView.csd,_textSeasonTime,"本赛季时间: ",,/Panel_Top/Panel_13/_textSeasonTime,5ecf9fbf9556925edbed04829bd13623,seasonSport/SeasonSportView.csd,1,
territory,PopupTerritoryPatrol.csd,_textHeroBottom,"巡逻中         ",,/Panel_root/_imageLeftHero/_nodeHeroBottom/_textHeroBottom,03d07567fd42df9fa243a0889c2a35fe,territory/PopupTerritoryPatrol.csd,1,
territory,PopupTerritoryPatrol.csd,_textCityDesc,"        城池简介城池简介城池简介简介城池简介城池简介城池简介城池简介简介城池简介城池简介城池简介城池简介简介城池简介城池简介城池简介城池简介简介城池简介",,/Panel_root/_imageRightDetail/_textCityDesc,03d07567fd42df9fa243a0889c2a35fe,territory/PopupTerritoryPatrol.csd,1,
territory,PopupTerritoryPatrol.csd,Text_Process,"叛乱剩余时间 : ",editor.territory.2,/Panel_root/_nodeNormal/_nodeRoitTime/Text_Process,03d07567fd42df9fa243a0889c2a35fe,territory/PopupTerritoryPatrol.csd,,
territory,PopupTerritoryPatrol.csd,_costResTxt1,消耗：,editor.moneytree.2,/Panel_root/_nodePatrol/Node_1/_costResTxt1,03d07567fd42df9fa243a0889c2a35fe,territory/PopupTerritoryPatrol.csd,,
territory,PopupTerritoryPatrol.csd,_costResTxt3,消耗：,editor.moneytree.2,/Panel_root/_nodePatrol/Node_3/_costResTxt3,03d07567fd42df9fa243a0889c2a35fe,territory/PopupTerritoryPatrol.csd,,
territory,PopupTerritoryPatrol.csd,_costResTxt2,消耗：,editor.moneytree.2,/Panel_root/_nodePatrol/Node_2/_costResTxt2,03d07567fd42df9fa243a0889c2a35fe,territory/PopupTerritoryPatrol.csd,,
firstpay,PopupFirstPayView.csd,Text_1,适度游戏，理性消费,,/Text_1,21ad907e31742d20420b9659bc7a7341,firstpay/PopupFirstPayView.csd,,
crystalShop,CrystalChargeCell.csd,_title,今日,,/_resourceNode/_title,5142364329f3d31b43fe0e2f8e52ca3f,crystalShop/CrystalChargeCell.csd,1,
crystalShop,CrystalChargeShopCell.csd,_itemName1,水晶,,/_resourceNode/_item1/_itemName1,d56b3fac1c4790a92f97466bc1836b08,crystalShop/CrystalChargeShopCell.csd,1,
crystalShop,CrystalChargeShopCell.csd,_itemName2,水晶,,/_resourceNode/_item2/_itemName2,d56b3fac1c4790a92f97466bc1836b08,crystalShop/CrystalChargeShopCell.csd,1,
pet,PopupPetLimitDetail.csd,_textTitle,标题,,/_textTitle,04b76d438211e6842a7267798070d7fc,pet/PopupPetLimitDetail.csd,1,
pet,PopupPetLimitDetail.csd,_textName1,名字,editor.horse.4,/PanelBg/Image_319/_textName1,04b76d438211e6842a7267798070d7fc,pet/PopupPetLimitDetail.csd,1,
pet,PopupPetLimitDetail.csd,_textName2,名字,editor.horse.4,/PanelBg/Image_319_0/_textName2,04b76d438211e6842a7267798070d7fc,pet/PopupPetLimitDetail.csd,1,
pet,PetTrainLimitLayer.csd,_petName,四神,,/_panelDesign/NodeMid/_petName,e880f876ea0c7fd1a2f6fb5378f3efff,pet/PetTrainLimitLayer.csd,1,
team,TeamHeroBustIcon.csd,_textOpenLevel,xx级解锁,,/_imageBg/_imageLock/_textOpenLevel,bc5098195d7bf974c321c8c54a35946b,team/TeamHeroBustIcon.csd,1,
team,TeamHorseIcon.csd,TextName,战马·名字很长,,/TextName,0bb2efc955193e72389533e1a08f07bd,team/TeamHorseIcon.csd,1,
customactivity,CustomActivityFundsView.csd,_textActivedDesc,"活动期间激活周基金
即可获得总额10倍返利",,/Panel_Content/_nodeMonthFund/_panelTop/_textActivedDesc,8193a3bd86e19b990a54b40e11bc28b4,customactivity/CustomActivityFundsView.csd,,
customactivity,CustomActivityFundsView.csd,_labelDays1,第一天,,/Panel_Content/_nodeMonthFund/_awardNode1/_labelDays1,8193a3bd86e19b990a54b40e11bc28b4,customactivity/CustomActivityFundsView.csd,,
customactivity,CustomActivityFundsView.csd,_labelName1,"物品名称
七个字",,/Panel_Content/_nodeMonthFund/_awardNode1/_labelName1,8193a3bd86e19b990a54b40e11bc28b4,customactivity/CustomActivityFundsView.csd,1,
customactivity,CustomActivityFundsView.csd,_labelDays2,第二天,,/Panel_Content/_nodeMonthFund/_awardNode2/_labelDays2,8193a3bd86e19b990a54b40e11bc28b4,customactivity/CustomActivityFundsView.csd,,
customactivity,CustomActivityFundsView.csd,_labelName2,"物品名称
七个字",,/Panel_Content/_nodeMonthFund/_awardNode2/_labelName2,8193a3bd86e19b990a54b40e11bc28b4,customactivity/CustomActivityFundsView.csd,1,
customactivity,CustomActivityFundsView.csd,_labelDays3,第三天,,/Panel_Content/_nodeMonthFund/_awardNode3/_labelDays3,8193a3bd86e19b990a54b40e11bc28b4,customactivity/CustomActivityFundsView.csd,,
customactivity,CustomActivityFundsView.csd,_labelName3,"物品名称
七个字",,/Panel_Content/_nodeMonthFund/_awardNode3/_labelName3,8193a3bd86e19b990a54b40e11bc28b4,customactivity/CustomActivityFundsView.csd,1,
customactivity,CustomActivityFundsView.csd,_labelDays4,第四天,,/Panel_Content/_nodeMonthFund/_awardNode4/_labelDays4,8193a3bd86e19b990a54b40e11bc28b4,customactivity/CustomActivityFundsView.csd,,
customactivity,CustomActivityFundsView.csd,_labelName4,"物品名称
七个字",,/Panel_Content/_nodeMonthFund/_awardNode4/_labelName4,8193a3bd86e19b990a54b40e11bc28b4,customactivity/CustomActivityFundsView.csd,1,
customactivity,CustomActivityFundsView.csd,_labelDays5,第五天,,/Panel_Content/_nodeMonthFund/_awardNode5/_labelDays5,8193a3bd86e19b990a54b40e11bc28b4,customactivity/CustomActivityFundsView.csd,,
customactivity,CustomActivityFundsView.csd,_labelName5,"物品名称
七个字",,/Panel_Content/_nodeMonthFund/_awardNode5/_labelName5,8193a3bd86e19b990a54b40e11bc28b4,customactivity/CustomActivityFundsView.csd,1,
customactivity,CustomActivityTabButton.csd,Text_desc,围魏救赵,,/ScrollViewTab/CommonTabGroup/Panel_tab/Text_desc,40517c760964a5835377e7939b72d092,customactivity/CustomActivityTabButton.csd,1,
customactivity,CustomActivityTaskView.csd,_textActDes,"为动期间单笔充值特定金额即可获得丰厚代发无多哇多哇大无多哇大无多无大瓦打我读取温度无群多群无多
",,/ResourceNode/_textNode/_textActDes,b72b73a566dc9d1129dda45f612fb48b,customactivity/CustomActivityTaskView.csd,1,
gachaGoldHero,PointRankView.csd,_textOwnName,咖喱鸡肉饭,,/_resource/Image_155/Image_OwnRank/_textOwnName,d4ccaac20f7a49d1f4a66da307d9de8a,gachaGoldHero/PointRankView.csd,1,
gachaGoldHero,PointRankCell.csd,_textName,咖喱鸡肉饭,,/_resource/_imageBack/_textName,b1c748e2c6b9a31adf553e5d109492ef,gachaGoldHero/PointRankCell.csd,1,
gachaGoldHero,PopupJoyGachaView.csd,_textCurCountDown,开奖倒计时,,/Panel_Content/Panel_CountDown/_textCurCountDown,d4bf5e33ebce6afa7a5f9395bdd01b26,gachaGoldHero/PopupJoyGachaView.csd,1,
gachaGoldHero,PopupJoyGachaView.csd,_textNextCountDown,下轮开启倒计时,,/Panel_Content/Panel_CountDown/_textNextCountDown,d4bf5e33ebce6afa7a5f9395bdd01b26,gachaGoldHero/PopupJoyGachaView.csd,1,
gachaGoldHero,PopupJoyGachaView.csd,_textAwardsNum,原石任选宝箱x12,,/Panel_Content/Panel_Awards/_textAwardsNum,d4bf5e33ebce6afa7a5f9395bdd01b26,gachaGoldHero/PopupJoyGachaView.csd,1,
gachaGoldHero,PopupJoyGachaView.csd,_textGroup,3个,,/Panel_Content/Panel_Awards/_imageGroup/_textGroup,d4bf5e33ebce6afa7a5f9395bdd01b26,gachaGoldHero/PopupJoyGachaView.csd,1,
gachaGoldHero,PopupJoyGachaView.csd,_textDrawCount,本轮抽奖次数：99,,/Panel_Content/Panel_Botton/_imageZhaomuCon/_imageDrawCount/_textDrawCount,d4bf5e33ebce6afa7a5f9395bdd01b26,gachaGoldHero/PopupJoyGachaView.csd,1,
gachaGoldHero,PopupJoyGachaView.csd,_textCurLuckPerson,本轮幸运主公,,/Panel_Content/Panel_Botton/_panelPrize/_textCurLuckPerson,d4bf5e33ebce6afa7a5f9395bdd01b26,gachaGoldHero/PopupJoyGachaView.csd,,
gachaGoldHero,PopupGachaHeroRank.csd,Text_64,我的排名：,editor.siege.13,/Panel_center/Panel_ownInfo/Text_64,9195b2367816cbee61373183fc2ee6d3,gachaGoldHero/PopupGachaHeroRank.csd,1,3
gachaGoldHero,PopupGachaHeroRank.csd,Text_115_0,积分：,,/Panel_center/Panel_ownInfo/Text_64/Text_115_0,9195b2367816cbee61373183fc2ee6d3,gachaGoldHero/PopupGachaHeroRank.csd,1,3
gachaGoldHero,PopupGachaAwardsRank.csd,_textCountDown,本轮积分排名奖励倒计时（结算期间进行招募不增加欢乐抽奖积分）：,,/Panel_center/Panel_Top/_textCountDown,caf1de904f03cd7a1e485bb0c56a17e5,gachaGoldHero/PopupGachaAwardsRank.csd,1,
gachaGoldHero,PopupGachaAwardsRank.csd,_textCountTime,活动已结束，请去金将商店看看吧~,,/Panel_center/Panel_Top/_textCountTime,caf1de904f03cd7a1e485bb0c56a17e5,gachaGoldHero/PopupGachaAwardsRank.csd,1,
gachaGoldHero,PopupGachaAwardsRank.csd,_textCountDesc,活动期间,,/Panel_center/Panel_Top/_textCountDesc,caf1de904f03cd7a1e485bb0c56a17e5,gachaGoldHero/PopupGachaAwardsRank.csd,1,
gachaGoldHero,PopupGachaAwardsRank.csd,_textRankTitle,我的排名：,editor.siege.13,/Panel_center/Panel_ownInfo/_panelDes/_textRankTitle,caf1de904f03cd7a1e485bb0c56a17e5,gachaGoldHero/PopupGachaAwardsRank.csd,,
gachaGoldHero,PopupGachaAwardsRank.csd,_textPointTitle,积分：,,/Panel_center/Panel_ownInfo/_panelDes/_textPointTitle,caf1de904f03cd7a1e485bb0c56a17e5,gachaGoldHero/PopupGachaAwardsRank.csd,,
avatar,AvatarView.csd,_textAvatarName,刘备变身卡,,/_panelDesign/PanelMid/Image_280/_textAvatarName,c8728c7ec1f4b8bc077abef82ada8213,avatar/AvatarView.csd,1,
campRace,CampRacePlayOff.csd,_textRound,第3场,,/_panelDesign/_nodeMid/ImageOpenBG/_textRound,8aa41c411a8061505770857bfd908fd6,campRace/CampRacePlayOff.csd,1,
campRace,CampRacePreMatch.csd,TextOpenCount,"开战 ",editor.campRace.5,/_panelDesign/ImageOpenBG/_nodeCountTitle/TextOpenCount,a71947279ea5439bdff2e308ea606466,campRace/CampRacePreMatch.csd,,
campRace,CampRacePlayerInfoNode.csd,TextCount,胜1场,,/ImageBg/TextCount,9b003cf80e2e5a24063e480e2d6f7184,campRace/CampRacePlayerInfoNode.csd,1,
campRace,ReplayVSNode.csd,TextCampCount,第一场,,/TextCampCount,197a2227c3cfe51405ba0d0a7d0591bf,campRace/ReplayVSNode.csd,1,
stage,PopupStarRank.csd,_textMyChapter,第60回,,/_panelBase/NodeMyRank/_textMyChapter,e77f417cb4ba9e24235ff6827fbc13a9,stage/PopupStarRank.csd,1,
stage,PopupStarRankNode.csd,_textRound,第108回,,/_panelBase/_textRound,939c7af57ed2fbc4a24cccc108da74d4,stage/PopupStarRankNode.csd,1,
arena,PopupArenaPeekCell.csd,_playerName1,暗黑逗逼邱莹莹,,/_resourceNode/BG/_playerName1,5e7177c88bb14e0fdf57de488b29789b,arena/PopupArenaPeekCell.csd,1,
arena,PopupArenaPeekCell.csd,_playerName2,元素樊胜美,,/_resourceNode/BG/_playerName2,5e7177c88bb14e0fdf57de488b29789b,arena/PopupArenaPeekCell.csd,1,
guildServerAnswer,GuildServerAnswerNode.csd,_textExamination,Text Label但是对方的身份鼎折覆,,/_panelDesign/_playingImage/_textExamination,23a0b0c0364e0f3a3b93f736c8b9a103,guildServerAnswer/GuildServerAnswerNode.csd,1,
hero,PopupLimitDetail.csd,_textTitle,标题,,/_textTitle,49273cfac97b6a07c82d5ebfedf337db,hero/PopupLimitDetail.csd,1,
hero,PopupHeroGoldTrainDetail.csd,_textTitle,标题,,/_textTitle,e0bb66617221aca0c6900e21d8c05bc3,hero/PopupHeroGoldTrainDetail.csd,1,
hero,PopupHeroGoldTrainDetail.csd,_textName1,名字,editor.horse.4,/PanelBg/Image_319/_textName1,e0bb66617221aca0c6900e21d8c05bc3,hero/PopupHeroGoldTrainDetail.csd,1,
hero,PopupHeroGoldTrainDetail.csd,_textName2,名字,editor.horse.4,/PanelBg/Image_319_0/_textName2,e0bb66617221aca0c6900e21d8c05bc3,hero/PopupHeroGoldTrainDetail.csd,1,
hero,HeroGoldTrainLayer.csd,Text_2,消耗银两,,/_panelDesign/NodeMid/_nodeSilver/Text_2,0d1006aeabd117d43e57bca14627e92e,hero/HeroGoldTrainLayer.csd,,
hero,HeroGoldTrainLayer.csd,_textSilver,120万,,/_panelDesign/NodeMid/_nodeSilver/_textSilver,0d1006aeabd117d43e57bca14627e92e,hero/HeroGoldTrainLayer.csd,1,
horse,PopupHorseEquipDetail.csd,_textTitle,马具详情,,/Panel_root/Image_bg_all/_textTitle,4e2bb9ebebecf93a3c5020629c629b23,horse/PopupHorseEquipDetail.csd,,
create,NodeInput.csd,NameText,少侠饶命自己人,,/PanelInput/NameText,329320ba9e9a7398f328968f23deb9f7,create/NodeInput.csd,1,
mineCraft,PopupMineCraftPrivilege.csd,Text_1,适度游戏，理性消费,,/Text_1,79c15ab2e3f3d1778098950edd6434f7,mineCraft/PopupMineCraftPrivilege.csd,,
mineCraft,PopupMineCraftPrivilege.csd,Text_1,矿战特权,,/Panel_1/Image_Title/Text_1,79c15ab2e3f3d1778098950edd6434f7,mineCraft/PopupMineCraftPrivilege.csd,,
mineCraft,PopupMineCraftPrivilege.csd,_fileNodeText,一级,,/Panel_1/_fileNodeBtn/_fileNodeText,79c15ab2e3f3d1778098950edd6434f7,mineCraft/PopupMineCraftPrivilege.csd,1,
instrument,InstrumentTransformView.csd,TextCost,消耗：,editor.moneytree.2,/_panelDesign/Node_Mid/_nodeCost/TextCost,b388c1f5cc9dd0aea14f8c8b7ff80fd2,transform/instrument/InstrumentTransformView.csd,,
instrument,InstrumentTransformNode.csd,TextTip,选择置换神兵,,/TextTip,d4673cef3a744b3661089520f63cf8f9,transform/instrument/InstrumentTransformNode.csd,1,
instrument,InstrumentTransformNode.csd,TextNum,选择神兵数量：3,,/ImageNum/TextNum,d4673cef3a744b3661089520f63cf8f9,transform/instrument/InstrumentTransformNode.csd,1,
equipment,PopupEquipLimitDetail.csd,_textTitle,标题,,/PanelBg/_textTitle,4c93e79900acfbfbd2de3be7b8c530ad,equipment/PopupEquipLimitDetail.csd,1,
login,SecretViewTabBtn.csd,Text_desc,二级页签,,/Panel_tab/Text_desc,4ad1eb21bec5769c64dc80e39c6b319c,login/SecretViewTabBtn.csd,1,
seasonCompetitive,SeasonHeroIcon.csd,_textHeroName1,曹仁+8,,/_resource/_item1/Image_2/_textHeroName1,8db33c6c43d4d301138068e15199da21,seasonCompetitive/SeasonHeroIcon.csd,1,
seasonCompetitive,SeasonHeroIcon.csd,_textHeroName2,曹仁+8,,/_resource/_item2/Image_2/_textHeroName2,8db33c6c43d4d301138068e15199da21,seasonCompetitive/SeasonHeroIcon.csd,1,
seasonCompetitive,SeasonHeroIcon.csd,_textHeroName3,曹仁+8,,/_resource/_item3/Image_2/_textHeroName3,8db33c6c43d4d301138068e15199da21,seasonCompetitive/SeasonHeroIcon.csd,1,
seasonCompetitive,SeasonHeroIcon.csd,_textHeroName4,曹仁+8,,/_resource/_item4/Image_2/_textHeroName4,8db33c6c43d4d301138068e15199da21,seasonCompetitive/SeasonHeroIcon.csd,1,
seasonCompetitive,SeasonHeroIcon.csd,_textHeroName5,曹仁+8,,/_resource/_item5/Image_2/_textHeroName5,8db33c6c43d4d301138068e15199da21,seasonCompetitive/SeasonHeroIcon.csd,1,
seasonCompetitive,SeasonHeroIcon.csd,_textHeroName6,曹仁+8,,/_resource/_item6/Image_2/_textHeroName6,8db33c6c43d4d301138068e15199da21,seasonCompetitive/SeasonHeroIcon.csd,1,
seasonCompetitive,SquadSelectView.csd,_textSilkName1,"   系统预设",,/Panel_Bottom/_bottomView/_item1/_btnSilk1/_textSilkName1,a076c709f4cae032b4e48d23ce9ca2cf,seasonCompetitive/SquadSelectView.csd,1,
seasonCompetitive,SquadSelectView.csd,_textSilkName2,"   系统预设",,/Panel_Bottom/_bottomView/_item2/_btnSilk2/_textSilkName2,a076c709f4cae032b4e48d23ce9ca2cf,seasonCompetitive/SquadSelectView.csd,1,
seasonCompetitive,SquadSelectView.csd,_textSilkName3,"   系统预设",,/Panel_Bottom/_bottomView/_item3/_btnSilk3/_textSilkName3,a076c709f4cae032b4e48d23ce9ca2cf,seasonCompetitive/SquadSelectView.csd,1,
seasonCompetitive,SquadSelectView.csd,_textSilkName4,"   系统预设",,/Panel_Bottom/_bottomView/_item4/_btnSilk4/_textSilkName4,a076c709f4cae032b4e48d23ce9ca2cf,seasonCompetitive/SquadSelectView.csd,1,
seasonCompetitive,SquadSelectView.csd,_textSilkName5,"   系统预设",,/Panel_Bottom/_bottomView/_item5/_btnSilk5/_textSilkName5,a076c709f4cae032b4e48d23ce9ca2cf,seasonCompetitive/SquadSelectView.csd,1,
seasonCompetitive,SquadSelectView.csd,_textSilkName6,"   系统预设",,/Panel_Bottom/_bottomView/_item6/_btnSilk6/_textSilkName6,a076c709f4cae032b4e48d23ce9ca2cf,seasonCompetitive/SquadSelectView.csd,1,
dailyChallenge,PopupDailyChooseCell.csd,_textTitle,英雄,,/ImageDi/_textTitle,c288d272a3c40d9423c8ee783dd08dce,dailyChallenge/PopupDailyChooseCell.csd,1,
guild,PopupGuildAnnouncement.csd,_textTip,(还可输入3字),,/_textTip,74889685ad2e76eb57de112282936dad,guild/PopupGuildAnnouncement.csd,1,
guild,GuildHelpListCell.csd,_textName1,陕西,,/_resourceNode/_panel1/_textName1,895f66776212e9858c30519aecfb79b5,guild/GuildHelpListCell.csd,1,
guild,GuildHelpListCell.csd,_textPosition1,成员,editor.guildAnswer.10,/_resourceNode/_panel1/_textPosition1,895f66776212e9858c30519aecfb79b5,guild/GuildHelpListCell.csd,1,
guild,GuildHelpListCell.csd,_textFragName1,曹丕碎片,,/_resourceNode/_panel1/_textFragName1,895f66776212e9858c30519aecfb79b5,guild/GuildHelpListCell.csd,1,
guild,GuildHelpListCell.csd,_textName2,陕西,,/_resourceNode/_panel2/_textName2,895f66776212e9858c30519aecfb79b5,guild/GuildHelpListCell.csd,1,
guild,GuildHelpListCell.csd,_textPosition2,成员,editor.guildAnswer.10,/_resourceNode/_panel2/_textPosition2,895f66776212e9858c30519aecfb79b5,guild/GuildHelpListCell.csd,1,
guild,GuildHelpListCell.csd,_textFragName2,曹丕碎片,,/_resourceNode/_panel2/_textFragName2,895f66776212e9858c30519aecfb79b5,guild/GuildHelpListCell.csd,1,
guild,GuildHallBaseInfoNode.csd,Text_19,等  级：,,/PanelLeft/Text_19,844f53d434ce60c5f300407d470b116a,guild/GuildHallBaseInfoNode.csd,,
guild,GuildHallBaseInfoNode.csd,Text_11_3_0,排  名：,,/PanelLeft/Text_11_3_0,844f53d434ce60c5f300407d470b116a,guild/GuildHallBaseInfoNode.csd,,
guild,GuildTaskItemCell.csd,_textTaskDesc1,军团捐献人次,,/_resourceNode/_textTaskDesc1,00c13f6fb3ba0c37d90a4115cadf800d,guild/GuildTaskItemCell.csd,1,
guild,GuildRequestHelpNode.csd,Text_1,（ / ）,,/PanelLeft/Text_1,6183d2627a20cb3632419895380132be,guild/GuildRequestHelpNode.csd,1,
guild,GuildAllRedPacketItemNode.csd,_textState,未发放,,/_resourceNode/_textState,5d5b16c7420ced71d103ee3cb84d18db,guild/GuildAllRedPacketItemNode.csd,1,
guild,GuildAllRedPacketItemNode.csd,_textRedPacketName,周年庆强力豪华周卡,,/_resourceNode/_textRedPacketName,5d5b16c7420ced71d103ee3cb84d18db,guild/GuildAllRedPacketItemNode.csd,1,
guild,GuildMainView.csd,Text,"等级 ",editor.guild.30,/Node_LeftTop_0/ImageGuidInfo/Text,ef1899709920dcb2de77da97203e584a,guild/GuildMainView.csd,,
guild,PopupGuildSendMail.csd,_textTip,(还可输入xxx字),,/_textTip,3f9c729a3849efab9ff49ae13ab0e306,guild/PopupGuildSendMail.csd,1,
guild,PopupGuildSendMail.csd,_textMessage,请输入邮件内容再提交,,/_imageTextBg/_textMessage,3f9c729a3849efab9ff49ae13ab0e306,guild/PopupGuildSendMail.csd,1,
guild,GuildListCell.csd,_imageApply,已申请,,/_resourceNode/_imageApply,07e2be6d4ced738efa5f3b265a4e6438,guild/GuildListCell.csd,,
guild,GuildListCell.csd,_textFull,(满),,/_resourceNode/_textFull,07e2be6d4ced738efa5f3b265a4e6438,guild/GuildListCell.csd,,